num_players,trial,item_id,congestion,dV,dP
144,0,0,65,0.0,-0.001957965293020808
144,0,42,76,0.0,-0.06934389929287427
144,0,1,67,0.0,-0.04588621479387276
144,0,43,76,0.0,0.019140817836235915
144,0,2,69,0.0,0.04909328479556075
144,0,44,74,0.0,0.001125776993075929
144,0,3,73,0.0,-0.038673506445034506
144,0,45,75,0.0,-0.02773322610398736
144,0,4,75,-2.0,0.01408652071874638
144,0,46,74,-2.0,-0.01587049667671945
144,0,5,78,0.0,-0.006063960881252845
144,0,47,74,0.0,-0.0833987022353421
144,0,6,78,0.0,-0.01076087212689026
144,0,48,69,0.0,0.03859695559458179
144,0,7,84,0.0,0.0538019409578494
144,0,49,72,0.0,-0.10454488698634912
144,0,8,85,0.0,0.05751000628979233
144,0,50,72,0.0,0.061460585309452864
144,0,9,87,0.0,0.018796483249078025
144,0,51,73,0.0,-0.12085578082087028
144,0,10,89,0.0,-0.04704200077690032
144,0,52,71,0.0,-0.0012956940563055436
144,0,11,89,0.0,-0.0021165879870139737
144,0,53,72,0.0,0.08589247810058716
144,0,12,89,0.0,-0.0014578850301443097
144,0,54,69,0.0,0.006629226794644973
144,0,13,91,0.0,-0.03972264246542259
144,0,55,68,0.0,-0.027780924790654034
144,0,14,95,0.0,-0.045037552287648885
144,0,56,73,0.0,-0.022818800051230985
144,0,15,97,0.0,-0.12125266285782235
144,0,57,73,0.0,4.9110001001030634e-05
144,0,16,99,2.0,-0.026886933871225233
144,0,58,76,2.0,0.06168928751087333
144,0,17,101,0.0,-0.15173266606650138
144,0,59,76,0.0,-0.007646103307374273
144,0,18,105,0.0,-0.0910493235667548
144,0,60,80,0.0,-0.012805925349991948
144,0,19,106,0.0,-0.02572150851055384
144,0,61,82,0.0,-0.15213689893465115
144,0,20,109,0.0,-0.0310095735127838
144,0,62,85,0.0,0.03951774964094784
144,0,21,111,0.0,-0.006027358492573888
144,0,63,87,0.0,-0.014165490341154191
144,0,22,109,0.0,-0.07787214538141819
144,0,64,88,0.0,-0.09735006030758009
144,0,23,110,0.0,0.09888359979956796
144,0,65,90,0.0,0.042077862074849266
144,0,24,105,0.0,-0.06790085270160377
144,0,66,98,0.0,0.05933708055466541
144,0,25,107,0.0,-0.03958386639831866
144,0,67,98,0.0,0.007395319953442066
144,0,26,106,0.0,-0.06423746781832032
144,0,68,104,0.0,-0.02668208225240315
144,0,27,106,0.0,-0.03343674266408332
144,0,69,107,0.0,-0.005732548438528731
144,0,28,100,0.0,0.03359499163551521
144,0,70,107,0.0,0.027645058017741597
144,0,29,104,0.0,0.02055423433159707
144,0,71,107,0.0,0.02235051593900575
144,0,30,97,0.0,0.02912047029403706
144,0,72,115,0.0,-0.045359277615067244
144,0,31,96,0.0,-0.016258584709535548
144,0,73,116,0.0,-0.020496105089035897
144,0,32,89,0.0,0.11172583656859879
144,0,74,115,0.0,0.025395063101844723
144,0,33,89,0.0,0.059055693396303816
144,0,75,115,0.0,-0.07397671058547405
144,0,34,85,0.0,0.003065476219575536
144,0,76,117,0.0,-0.11491852647230999
144,0,35,87,0.0,-0.0354373920079634
144,0,77,117,0.0,-0.0320785009557248
144,0,36,85,0.0,-0.019365676851357178
144,0,78,117,0.0,0.034001353582974556
144,0,37,83,0.0,0.013036126255563354
144,0,79,115,0.0,0.025413404113277485
144,1,22,109,0.0,-0.007671612007888205
144,1,64,88,0.0,0.0707797251156426
144,1,23,110,0.0,-0.020467455572458864
144,1,65,90,0.0,0.0018203264920725049
144,1,24,105,0.0,0.015746576479961652
144,1,66,98,0.0,-0.017014432830765383
144,1,25,107,0.0,-0.062344562776246185
144,1,67,98,0.0,0.0929754934630591
144,1,26,106,0.0,0.08958515402531103
144,1,68,104,0.0,-0.02433400987786622
144,1,27,106,0.0,-0.0005339544220225
144,1,69,107,0.0,1.990988816780344e-05
144,1,28,100,0.0,-0.01809992520243093
144,1,70,107,0.0,-0.03361978837856227
144,1,29,104,0.0,0.0
144,1,71,107,0.0,-0.068175896383241
144,1,30,97,0.0,0.14523356258719708
144,1,72,115,0.0,0.014860255156605107
144,1,31,96,0.0,-0.009898170898780305
144,1,73,116,0.0,-0.09706212309905354
144,1,32,89,0.0,-0.0978797406108133
144,1,74,115,0.0,-0.07207642736917377
144,1,33,89,0.0,-0.0918945264824131
144,1,75,115,0.0,0.034947527837612416
144,1,34,85,0.0,0.006096869052095208
144,1,76,117,0.0,-0.0056247560972991495
144,1,35,87,0.0,-0.02448156741559586
144,1,77,117,0.0,0.05462684344302533
144,1,36,85,0.0,-0.06349282373042085
144,1,78,117,0.0,0.047730350168168484
144,1,37,83,0.0,-0.04521446934944465
144,1,79,115,0.0,0.018058701809597497
144,1,38,82,0.0,-0.030685111320500613
144,1,80,111,0.0,-0.10113860511212522
144,1,39,78,0.0,-0.02134839360965348
144,1,81,111,0.0,-0.09607181097112058
144,1,40,74,0.0,-0.1441406918337369
144,1,82,110,0.0,0.06048040604700039
144,1,41,77,0.0,-0.07535877158611322
144,1,83,108,0.0,-0.016470933496371798
144,1,42,76,0.0,0.022169372282699475
144,1,84,108,0.0,0.022435785956619297
144,1,43,76,0.0,-0.0002960789871222051
144,1,85,107,0.0,0.15130710336644063
144,1,44,74,0.0,0.011198067162378478
144,1,86,104,0.0,-0.014950889682166707
144,1,45,75,0.0,0.03330768970812005
144,1,87,103,0.0,0.025151073755439457
144,1,46,74,0.0,-0.02679435133032587
144,1,88,101,0.0,0.1293443615739396
144,1,47,74,2.0,-0.03816549411505733
144,1,89,100,2.0,0.04045723446601329
144,1,48,69,0.0,0.0106554076210891
144,1,90,97,0.0,-0.14232711873421133
144,1,49,72,0.0,-0.009907555310706043
144,1,91,92,0.0,0.018472116950390804
144,1,50,72,0.0,0.054836257852314635
144,1,92,91,0.0,-0.11546102932370235
144,1,51,73,0.0,-0.06327714439487889
144,1,93,88,0.0,-0.08783637898682473
144,1,52,71,0.0,0.05376158398040806
144,1,94,84,0.0,0.018134220745765796
144,1,53,72,0.0,0.00659776491888537
144,1,95,81,0.0,-0.008657495162585509
144,2,0,65,0.0,0.020226613797786702
144,2,58,76,0.0,0.07328716721813966
144,2,1,67,0.0,-0.020775211156435748
144,2,59,76,0.0,0.008771693618986352
144,2,2,69,0.0,-0.020225148302033216
144,2,60,80,0.0,0.008775669464780339
144,2,3,73,0.0,-0.000905915229025671
144,2,61,82,0.0,-0.12045417942356226
144,2,4,75,0.0,-0.014862091057178475
144,2,62,85,0.0,-0.12140137653651166
144,2,5,78,0.0,-0.02209072007990643
144,2,63,87,0.0,-0.03064535300816506
144,2,6,78,0.0,-0.008270776321134812
144,2,64,88,0.0,0.03912382745951134
144,2,7,84,0.0,0.04434959162134569
144,2,65,90,0.0,0.07203241827504098
144,2,8,85,0.0,0.03519534273297763
144,2,66,98,0.0,-0.05340620200008716
144,2,9,87,0.0,0.04628771297112222
144,2,67,98,0.0,-0.08843557310132563
144,2,10,89,0.0,0.045061896858481935
144,2,68,104,0.0,0.010709532479561319
144,2,11,89,0.0,0.021061387373893306
144,2,69,107,0.0,0.017409453228105175
144,2,12,89,0.0,-0.05259092558875139
144,2,70,107,0.0,-0.08401595724732869
144,2,13,91,0.0,0.018121772708210027
144,2,71,107,0.0,0.14725605671181063
144,2,14,95,0.0,0.030734537445120794
144,2,72,115,0.0,-0.004935838402133949
144,2,15,97,0.0,0.0627239018540891
144,2,73,116,0.0,0.06079747583074806
144,2,16,99,-2.0,-0.07001702017943207
144,2,74,115,-2.0,-0.12184534190695424
144,2,17,101,0.0,0.017563104403442997
144,2,75,115,0.0,-0.01963960388937343
144,2,18,105,0.0,0.01617844489064857
144,2,76,117,0.0,-0.07680991968587585
144,2,19,106,0.0,-0.014700490612175682
144,2,77,117,0.0,0.007899004995210693
144,2,20,109,0.0,-0.06973887334103432
144,2,78,117,0.0,0.04062239481695119
144,2,21,111,0.0,-0.001507844053440649
144,2,79,115,0.0,-0.023556129391655703
144,2,22,109,0.0,0.041860754574619644
144,2,80,111,0.0,-0.053975598670429656
144,2,23,110,0.0,0.01947096556844953
144,2,81,111,0.0,0.049015360256701904
144,2,24,105,0.0,0.002832210031234225
144,2,82,110,0.0,0.034963578232069914
144,2,25,107,0.0,0.012803529730678324
144,2,83,108,0.0,0.02516661842012466
144,2,26,106,0.0,-0.01573509086454905
144,2,84,108,0.0,-0.012870142183014688
144,2,27,106,0.0,0.03629042954939893
144,2,85,107,0.0,0.018840552538244737
144,2,28,100,0.0,0.016820046892678672
144,2,86,104,0.0,-0.05641130083188278
144,2,29,104,0.0,0.036325705803550316
144,2,87,103,0.0,-0.09299624569252182
144,2,30,97,0.0,-0.011269257581666095
144,2,88,101,0.0,-0.014213717874623305
144,2,31,96,0.0,0.02179413298258541
144,2,89,100,0.0,-0.011601846910468727
144,2,32,89,0.0,-0.05616313721205768
144,2,90,97,0.0,-0.0594545174404531
144,2,33,89,-2.0,0.0175715245391467
144,2,91,92,-2.0,0.13900990942689712
144,2,34,85,0.0,0.015592704095657745
144,2,92,91,0.0,0.014415142921827218
144,2,35,87,0.0,0.038378626588194506
144,2,93,88,0.0,-0.11565561176161913
144,2,36,85,0.0,-0.0007797957719792789
144,2,94,84,0.0,0.005649549129594086
144,2,37,83,0.0,0.057477322438733325
144,2,95,81,0.0,-0.04913282697977153
144,3,0,65,0.0,0.0005902967471319642
144,3,70,107,0.0,0.009313323815917249
144,3,1,67,-2.0,-0.004062132431727235
144,3,71,107,-2.0,0.013352106596199852
144,3,2,69,0.0,-0.013739304991322317
144,3,72,115,0.0,-0.03818718505948944
144,3,3,73,0.0,-0.03507626904432922
144,3,73,116,0.0,-0.07980270831166011
144,3,4,75,0.0,-0.026697655319499657
144,3,74,115,0.0,0.0030208386209654436
144,3,5,78,0.0,0.0035877805327743833
144,3,75,115,0.0,0.08700115415270124
144,3,6,78,0.0,-0.06690047082723655
144,3,76,117,0.0,0.10693984260747094
144,3,7,84,0.0,0.00549256204095765
144,3,77,117,0.0,0.008809365462925503
144,3,8,85,0.0,-0.04605935219301655
144,3,78,117,0.0,-0.037154307276352994
144,3,9,87,0.0,-0.049590410207851224
144,3,79,115,0.0,-0.13506032477143992
144,3,10,89,0.0,0.17140038585383396
144,3,80,111,0.0,-0.00910924442368058
144,3,11,89,0.0,-0.0186617066405399
144,3,81,111,0.0,-0.05278261499274148
144,3,12,89,0.0,0.0399151765243774
144,3,82,110,0.0,0.0015936223177076825
144,3,13,91,0.0,-0.021021376246135523
144,3,83,108,0.0,0.014725679067527142
144,3,14,95,0.0,-0.07414105800192558
144,3,84,108,0.0,-0.04487148402408789
144,3,15,97,0.0,0.058014301419534176
144,3,85,107,0.0,0.014478949983093792
144,3,16,99,0.0,0.003070704772762445
144,3,86,104,0.0,-0.08534280324431262
144,3,17,101,0.0,0.027178144692888623
144,3,87,103,0.0,-0.11357746276585062
144,3,18,105,0.0,-0.001832931968768603
144,3,88,101,0.0,-0.020483810816896875
144,3,19,106,0.0,-0.05973549229082259
144,3,89,100,0.0,0.0778999523603717
144,3,20,109,0.0,0.0986341661638665
144,3,90,97,0.0,0.08964368266517322
144,3,21,111,0.0,-0.02784032134060678
144,3,91,92,0.0,0.029885951651362153
144,3,22,109,0.0,-0.01573179742961321
144,3,92,91,0.0,0.009748490100257745
144,3,23,110,0.0,-0.029965046201718915
144,3,93,88,0.0,-0.04602174650002955
144,3,24,105,0.0,0.05427195139500891
144,3,94,84,0.0,-0.03254163889266237
144,3,25,107,0.0,0.07494831879699969
144,3,95,81,0.0,-0.007448721413518329
144,4,4,75,0.0,-0.020742457937541675
144,4,60,80,0.0,-0.09505458366211268
144,4,5,78,0.0,-0.03431279241282311
144,4,61,82,0.0,0.09706700564737375
144,4,6,78,0.0,-0.016569798160058782
144,4,62,85,0.0,0.054896633013519464
144,4,7,84,0.0,0.037478010085401865
144,4,63,87,0.0,-0.030948952517773673
144,4,8,85,2.0,-0.05027512595221982
144,4,64,88,2.0,-0.05285128356984478
144,4,9,87,0.0,0.06367716122525019
144,4,65,90,0.0,0.01556987149459578
144,4,10,89,0.0,-0.019049813588522993
144,4,66,98,0.0,-0.05792906104520448
144,4,11,89,0.0,0.046830635735289866
144,4,67,98,0.0,0.021700591141579767
144,4,12,89,0.0,-0.03985398397658382
144,4,68,104,0.0,0.021542539779073014
144,4,13,91,0.0,0.0110694464928206
144,4,69,107,0.0,0.001963636949113383
144,4,14,95,0.0,0.08682162652308308
144,4,70,107,0.0,0.0324150677120834
144,4,15,97,0.0,0.01185671386651091
144,4,71,107,0.0,0.030613432359124698
144,4,16,99,0.0,0.1320676147304903
144,4,72,115,0.0,0.024391062388743598
144,4,17,101,0.0,0.023976165916210157
144,4,73,116,0.0,0.01577822535283871
144,4,18,105,0.0,-0.0856563790457553
144,4,74,115,0.0,0.04476156549171548
144,4,19,106,0.0,0.042090278072523774
144,4,75,115,0.0,0.0738879003912723
144,4,20,109,0.0,0.010279611890200713
144,4,76,117,0.0,0.017629982259402543
144,4,21,111,0.0,0.026097432464605774
144,4,77,117,0.0,0.12325393145855981
144,4,22,109,0.0,-0.014587878782955366
144,4,78,117,0.0,0.052388576411273674
144,4,23,110,0.0,0.05961296429910294
144,4,79,115,0.0,0.053260897514905634
144,4,24,105,0.0,-0.009650584576135827
144,4,80,111,0.0,0.08592073705071503
144,4,25,107,0.0,0.019927391270335076
144,4,81,111,0.0,-0.12708350293662413
144,4,26,106,0.0,0.017960676817790705
144,4,82,110,0.0,-0.07829623448748979
144,4,27,106,0.0,0.10723143445250687
144,4,83,108,0.0,0.03127730045344884
144,4,28,100,0.0,0.01180671939942668
144,4,84,108,0.0,0.22373319156092095
144,4,29,104,2.0,0.03246727151413041
144,4,85,107,2.0,0.11768508325942045
144,4,30,97,0.0,0.002603505467233827
144,4,86,104,0.0,0.103694717210806
144,4,31,96,0.0,0.06524180701327043
144,4,87,103,0.0,-0.12286981631524402
144,4,32,89,0.0,0.011864237465980039
144,4,88,101,0.0,0.003533975792773203
144,4,33,89,0.0,-0.01229011495007562
144,4,89,100,0.0,-0.10732845998735274
144,4,34,85,0.0,0.04589432633703297
144,4,90,97,0.0,-0.09722518354065789
144,4,35,87,0.0,0.025818475532901945
144,4,91,92,0.0,-0.06435726568162964
144,4,36,85,0.0,-0.08870975446512747
144,4,92,91,0.0,0.07612670279479763
144,4,37,83,0.0,0.04256631631110869
144,4,93,88,0.0,-0.020240512976804126
144,4,38,82,0.0,0.02476901726805339
144,4,94,84,0.0,-0.04758644680527338
144,4,39,78,0.0,0.06751407620523359
144,4,95,81,0.0,-0.028627345880889634
144,5,0,65,0.0,0.02176497570918139
144,5,42,76,0.0,0.022735357153538433
144,5,1,67,2.0,-0.018394189383655262
144,5,43,76,2.0,0.004868740126148768
144,5,2,69,0.0,-0.01345894752858194
144,5,44,74,0.0,0.04484472177086074
144,5,3,73,0.0,0.03760545983290829
144,5,45,75,0.0,-0.018327128382527536
144,5,4,75,0.0,0.004933840260159603
144,5,46,74,0.0,-0.003941326047259518
144,5,5,78,0.0,0.07727599503124441
144,5,47,74,0.0,-0.005607951694945011
144,5,6,78,0.0,-0.02209868550966764
144,5,48,69,0.0,-0.02996296886015215
144,5,7,84,0.0,-0.029908652957051494
144,5,49,72,0.0,0.06731893628210146
144,5,8,85,0.0,-0.004962095424904597
144,5,50,72,0.0,0.02011004676381741
144,5,9,87,0.0,0.027352796892990604
144,5,51,73,0.0,0.020421656975653665
144,5,10,89,0.0,-0.05597804215583201
144,5,52,71,0.0,0.011333011386090011
144,5,11,89,0.0,0.12303244260184715
144,5,53,72,0.0,-0.0016326734410491359
144,5,12,89,0.0,0.00776652188221285
144,5,54,69,0.0,0.029914422760043243
144,5,13,91,0.0,0.05490969796233641
144,5,55,68,0.0,0.01029322297130348
144,5,14,95,0.0,0.043478970884022694
144,5,56,73,0.0,-0.01042330999199514
144,5,15,97,0.0,-0.030221423668897046
144,5,57,73,0.0,-0.07897270107341806
144,5,16,99,0.0,0.04469926614079177
144,5,58,76,0.0,0.003582839842923173
144,5,17,101,0.0,-0.11545393921015654
144,5,59,76,0.0,-0.025342089209474998
144,5,18,105,0.0,0.02006435383010438
144,5,60,80,0.0,-0.00047523267162416505
144,5,19,106,0.0,0.1529267778146376
144,5,61,82,0.0,0.043188178710733875
144,5,20,109,0.0,0.04714969497285234
144,5,62,85,0.0,-0.023529527602536654
144,5,21,111,0.0,-0.022624822972901526
144,5,63,87,0.0,0.023092038118412102
144,5,22,109,0.0,0.04141577552453499
144,5,64,88,0.0,-0.03035836067276383
144,5,23,110,0.0,-0.006472213713649876
144,5,65,90,0.0,-0.004211725348602646
144,5,24,105,0.0,-0.0670566562040602
144,5,66,98,0.0,0.01893462575035352
144,5,25,107,0.0,-0.018855598235107983
144,5,67,98,0.0,-0.003739202030210907
144,5,26,106,0.0,-0.11511626386110395
144,5,68,104,0.0,0.012838664571037169
144,5,27,106,0.0,-0.04688719752701256
144,5,69,107,0.0,-0.02284801910535114
144,5,28,100,0.0,0.02
144,5,70,107,0.0,0.01858858370528854
144,5,29,104,0.0,-0.05628557954707824
144,5,71,107,0.0,0.04844518156153442
144,5,30,97,0.0,-0.0012707566581601736
144,5,72,115,0.0,0.10697241472750871
144,5,31,96,0.0,0.15332896556970121
144,5,73,116,0.0,-0.016472672412096726
144,5,32,89,0.0,-0.06693642375215118
144,5,74,115,0.0,-0.012151070942631723
144,5,33,89,0.0,-0.03470811734332145
144,5,75,115,0.0,0.00047676262040886874
144,5,34,85,0.0,0.10761436430310482
144,5,76,117,0.0,-0.027177075286059775
144,5,35,87,0.0,-0.0073566120211282175
144,5,77,117,0.0,0.06769328509557274
144,5,36,85,0.0,0.0258869014491287
144,5,78,117,0.0,0.08322465377827466
144,5,37,83,0.0,-0.04770725150896983
144,5,79,115,0.0,-0.01234135818290455
144,6,32,89,0.0,-0.04140499162502589
144,6,66,98,0.0,0.040920505892567634
144,6,33,89,0.0,0.06777467844005383
144,6,67,98,0.0,-0.08182014225607499
144,6,34,85,0.0,-0.023478516859947125
144,6,68,104,0.0,0.024496052826490814
144,6,35,87,0.0,-0.00021595507743206108
144,6,69,107,0.0,0.0037358664870070155
144,6,36,85,0.0,-0.009864163829119723
144,6,70,107,0.0,-0.07891634845900014
144,6,37,83,0.0,0.06443379221082328
144,6,71,107,0.0,-0.005070772843329803
144,6,38,82,0.0,-0.011902742694689557
144,6,72,115,0.0,0.024616385329285187
144,6,39,78,0.0,-0.05639466365235213
144,6,73,116,0.0,-0.015712278949178773
144,6,40,74,0.0,-0.052196970091144365
144,6,74,115,0.0,0.04125714133875118
144,6,41,77,0.0,0.02338427372505294
144,6,75,115,0.0,-0.13015563203953504
144,6,42,76,0.0,-0.09650093379572633
144,6,76,117,0.0,0.03438453249114533
144,6,43,76,0.0,-0.008585293252206541
144,6,77,117,0.0,0.20971882565453112
144,6,44,74,0.0,0.02272906114696792
144,6,78,117,0.0,0.04197786204311738
144,6,45,75,0.0,0.004531132637798113
144,6,79,115,0.0,0.01041218001010076
144,6,46,74,0.0,-0.008487919756780255
144,6,80,111,0.0,0.008594860268447121
144,6,47,74,0.0,-0.008549441168466364
144,6,81,111,0.0,0.010293135353253713
144,6,48,69,0.0,-0.06864535751693474
144,6,82,110,0.0,-0.1189511125340145
144,6,49,72,0.0,-0.0504013427844605
144,6,83,108,0.0,0.027953660254047857
144,6,50,72,0.0,-0.004414573904085166
144,6,84,108,0.0,0.02410897091933785
144,6,51,73,0.0,0.06676221138590704
144,6,85,107,0.0,0.04726949226950625
144,6,52,71,0.0,-0.042175825663719475
144,6,86,104,0.0,-0.03819331047858171
144,6,53,72,0.0,-0.011433628038706536
144,6,87,103,0.0,-0.004128605749255221
144,6,54,69,0.0,0.006366864858867234
144,6,88,101,0.0,-0.14869218577775317
144,6,55,68,0.0,-0.009312525115172903
144,6,89,100,0.0,-0.04125412837006734
144,6,56,73,2.0,-0.035454119981157765
144,6,90,97,2.0,-0.11875220595597644
144,6,57,73,0.0,0.008623082762871236
144,6,91,92,0.0,-0.08635292470022243
144,6,58,76,0.0,0.10055447274623941
144,6,92,91,0.0,-0.1538864579896139
144,6,59,76,0.0,-0.1019027591866463
144,6,93,88,0.0,-0.09973389517229367
144,6,60,80,0.0,0.11106600141711184
144,6,94,84,0.0,-0.005443953411230142
144,6,61,82,0.0,0.012558938025557936
144,6,95,81,0.0,-0.011175998697929998
144,7,8,85,0.0,-0.06135126926116363
144,7,32,89,0.0,-0.04143093114767207
144,7,9,87,0.0,-0.040565698704733325
144,7,33,89,0.0,-0.09761220282025086
144,7,10,89,0.0,-0.05018353558668916
144,7,34,85,0.0,0.03854384777849026
144,7,11,89,0.0,0.020063603436691606
144,7,35,87,0.0,-0.011344496018321028
144,7,12,89,0.0,-0.03599765309620112
144,7,36,85,0.0,-0.027777788753292232
144,7,13,91,0.0,-0.14804963340410854
144,7,37,83,0.0,-0.043115159025744594
144,7,14,95,0.0,0.05395824989818748
144,7,38,82,0.0,0.01138464968245094
144,7,15,97,-2.0,-0.09915604948220315
144,7,39,78,-2.0,-0.03388081795673824
144,7,16,99,2.0,-0.01561135948700701
144,7,40,74,2.0,-0.04168366936457407
144,7,17,101,0.0,-0.2648960512626246
144,7,41,77,0.0,-0.08706170314129986
144,7,18,105,0.0,-0.06804103103817019
144,7,42,76,0.0,-0.014069056940882138
144,7,19,106,0.0,-0.14808933888628212
144,7,43,76,0.0,-0.17430130912329803
144,7,20,109,0.0,-0.07110601066837222
144,7,44,74,0.0,0.04180528737362369
144,7,21,111,0.0,-0.03348231788049654
144,7,45,75,0.0,0.0
144,7,22,109,0.0,-0.030780905817151268
144,7,46,74,0.0,-0.00919553684851619
144,7,23,110,0.0,0.02
144,7,47,74,0.0,0.054404519400260365
144,7,24,105,-2.0,-0.016366925837310684
144,7,48,69,-2.0,-0.07341002779076329
144,7,25,107,0.0,-0.054763724381871576
144,7,49,72,0.0,-0.047960964393276774
144,7,26,106,0.0,-0.10917070652005671
144,7,50,72,0.0,-0.009585590803445579
144,7,27,106,0.0,-0.08155939510818143
144,7,51,73,0.0,-0.06475187389287503
144,7,28,100,0.0,-0.028046174988651407
144,7,52,71,0.0,-0.009288330441584117
144,7,29,104,0.0,0.02459718485453829
144,7,53,72,0.0,-0.00795470355273251
144,7,30,97,0.0,-0.07573387484050757
144,7,54,69,0.0,0.0
144,8,0,65,0.0,-0.045799486706700414
144,8,48,69,0.0,0.011917460177831407
144,8,1,67,0.0,0.02
144,8,49,72,0.0,-0.04002949921690664
144,8,2,69,0.0,0.060508362034022004
144,8,50,72,0.0,0.0703479867526647
144,8,3,73,0.0,0.040906588045963366
144,8,51,73,0.0,0.011799085675796073
144,8,4,75,0.0,0.0023355398814460847
144,8,52,71,0.0,-0.018820504938664114
144,8,5,78,0.0,-0.0030130612120742796
144,8,53,72,0.0,0.013802554780335482
144,8,6,78,0.0,0.001278842794239607
144,8,54,69,0.0,0.018875429601912862
144,8,7,84,0.0,0.028671290426588936
144,8,55,68,0.0,-0.0016974366446738075
144,8,8,85,0.0,0.031760786797902216
144,8,56,73,0.0,-0.02
144,8,9,87,0.0,0.10805397666722599
144,8,57,73,0.0,0.040302599183094145
144,8,10,89,0.0,-0.033075281518297764
144,8,58,76,0.0,0.11796654029499135
144,8,11,89,0.0,-0.061585717546402505
144,8,59,76,0.0,0.010641744563820249
144,8,12,89,0.0,0.0013511631921515471
144,8,60,80,0.0,0.08474379174726963
144,8,13,91,0.0,-0.003261792252180179
144,8,61,82,0.0,-0.010834009003097278
144,8,14,95,0.0,-0.018474482255745925
144,8,62,85,0.0,0.009343499655080342
144,8,15,97,0.0,-0.025748931782497188
144,8,63,87,0.0,-0.01545036971630416
144,8,16,99,0.0,-0.06899567205299903
144,8,64,88,0.0,-0.06722403021701223
144,8,17,101,0.0,-0.04289101819513033
144,8,65,90,0.0,-0.021143186075485536
144,8,18,105,0.0,-0.08414267519689592
144,8,66,98,0.0,0.042672855024895456
144,8,19,106,0.0,-0.05543177157479731
144,8,67,98,0.0,0.025981701142471243
144,8,20,109,0.0,0.0381974825853848
144,8,68,104,0.0,-0.02969398614782396
144,8,21,111,0.0,0.0987148683819079
144,8,69,107,0.0,0.07217856502051409
144,8,22,109,0.0,0.07007846512084809
144,8,70,107,0.0,0.0
144,8,23,110,0.0,0.02
144,8,71,107,0.0,0.017304623466308233
144,8,24,105,-2.0,0.05493402211693417
144,8,72,115,-2.0,-0.02566893462226732
144,8,25,107,0.0,-0.01889432728605333
144,8,73,116,0.0,-0.011194700135068764
144,8,26,106,2.0,-0.003091865355310079
144,8,74,115,2.0,-0.0467169689744073
144,8,27,106,0.0,0.06159727123197355
144,8,75,115,0.0,0.0096874916237778
144,8,28,100,0.0,-0.0007646017803307533
144,8,76,117,0.0,0.08463928440047483
144,8,29,104,0.0,0.020784501755654633
144,8,77,117,0.0,0.01063933661249103
144,8,30,97,0.0,-0.05214521501850937
144,8,78,117,0.0,-0.06649194534731614
144,8,31,96,0.0,0.01767252932263228
144,8,79,115,0.0,-0.10422712728774067
144,8,32,89,0.0,-0.032345860979697785
144,8,80,111,0.0,-0.022486467960008173
144,8,33,89,0.0,-0.03687089325467305
144,8,81,111,0.0,-0.09165717816791463
144,8,34,85,0.0,-0.06290573512802726
144,8,82,110,0.0,-0.11532659433356642
144,8,35,87,0.0,0.07019534889370933
144,8,83,108,0.0,0.05729009354498471
144,8,36,85,0.0,0.0323643354010712
144,8,84,108,0.0,0.005599933931520917
144,8,37,83,0.0,0.02657664845966501
144,8,85,107,0.0,0.021618871731541034
144,8,38,82,0.0,-0.01620638568454219
144,8,86,104,0.0,-0.019588414393882425
144,8,39,78,0.0,-0.06011028528180208
144,8,87,103,0.0,0.020494374845053287
144,8,40,74,0.0,-0.05320315875026531
144,8,88,101,0.0,0.0561581397926339
144,8,41,77,0.0,0.05319977403173932
144,8,89,100,0.0,0.05533936348934801
144,10,21,111,0.0,-0.06512984517267495
144,10,51,73,0.0,-0.1700093324700073
144,10,22,109,0.0,-0.09358474901014366
144,10,52,71,0.0,0.04431441117353288
144,10,23,110,2.0,0.004615335896684523
144,10,53,72,2.0,-0.06935578926853136
144,10,24,105,0.0,-0.0449870572427262
144,10,54,69,0.0,0.07254197623963182
144,10,25,107,0.0,0.0016090006446795382
144,10,55,68,0.0,0.01204764291353851
144,10,26,106,0.0,0.03915846967581148
144,10,56,73,0.0,-0.026574334221291268
144,10,27,106,0.0,-0.015350463625176513
144,10,57,73,0.0,-0.01003832152592473
144,10,28,100,0.0,-0.05565250543340986
144,10,58,76,0.0,-0.0014567209342846096
144,10,29,104,0.0,0.0012427191396608972
144,10,59,76,0.0,-0.0018382702164163704
144,10,30,97,0.0,0.0084690707386521
144,10,60,80,0.0,0.058109866018294015
144,10,31,96,0.0,-0.06747722797799005
144,10,61,82,0.0,0.023265685359948496
144,10,32,89,0.0,-0.034990820023061385
144,10,62,85,0.0,0.0032671437921881485
144,10,33,89,0.0,-0.0028895564105096416
144,10,63,87,0.0,0.06798103659784095
144,10,34,85,0.0,0.06169164286272068
144,10,64,88,0.0,-0.02180181981785026
144,10,35,87,0.0,-0.1088627140773481
144,10,65,90,0.0,-0.09288974058960167
144,10,36,85,0.0,-0.041514294582761936
144,10,66,98,0.0,-0.031240104725267448
144,10,37,83,0.0,-0.02148367208016853
144,10,67,98,0.0,0.07304566593295111
144,10,38,82,0.0,-0.028813468186614025
144,10,68,104,0.0,0.049694608419973266
144,10,39,78,0.0,-0.06393514883311158
144,10,69,107,0.0,-0.10047253573224234
144,10,40,74,0.0,-0.004901191756881973
144,10,70,107,0.0,0.020547273619089878
144,10,41,77,0.0,-0.02696955331108825
144,10,71,107,0.0,-0.07829956992409971
144,10,42,76,0.0,-0.02
144,10,72,115,0.0,-0.027167172156376776
144,10,43,76,0.0,-0.08489773959119187
144,10,73,116,0.0,0.21946356652320848
144,10,44,74,0.0,0.030978918688249136
144,10,74,115,0.0,-0.06123925118927298
144,10,45,75,0.0,-0.02545537754069518
144,10,75,115,0.0,-0.00758615549752556
144,10,46,74,0.0,0.03623695726501115
144,10,76,117,0.0,0.005199045256725682
144,10,47,74,0.0,0.02294217129835676
144,10,77,117,0.0,0.02786778587296901
144,10,48,69,-2.0,-0.06772487961485088
144,10,78,117,-2.0,0.16268990776340095
144,10,49,72,0.0,-0.018780591685986434
144,10,79,115,0.0,0.04380772932343098
144,11,35,87,0.0,0.13060437010093756
144,11,69,107,0.0,0.0007708459392528066
144,11,36,85,0.0,0.040126487589907694
144,11,70,107,0.0,0.03974573075939132
144,11,37,83,0.0,0.014115944811157456
144,11,71,107,0.0,4.219171552988926e-05
144,11,38,82,0.0,0.1026727629270478
144,11,72,115,0.0,-0.01237186629038016
144,11,39,78,0.0,0.053681834550056914
144,11,73,116,0.0,0.110546755667117
144,11,40,74,0.0,-0.031851408262358674
144,11,74,115,0.0,0.06151505428673009
144,11,41,77,0.0,0.04610867066490219
144,11,75,115,0.0,-0.021101734941461642
144,11,42,76,0.0,0.021762888377730327
144,11,76,117,0.0,-0.06363925204143943
144,11,43,76,0.0,0.035240157650345445
144,11,77,117,0.0,-0.06997661214642409
144,11,44,74,0.0,7.85804464747894e-05
144,11,78,117,0.0,0.1016568284835338
144,11,45,75,0.0,-0.0031764468470164985
144,11,79,115,0.0,-0.025531663778650876
144,11,46,74,0.0,-0.03621310352951805
144,11,80,111,0.0,0.000256098978960978
144,11,47,74,0.0,0.00018910547117390736
144,11,81,111,0.0,0.09776883953264641
144,11,48,69,0.0,-0.013313261502579103
144,11,82,110,0.0,-0.0740716342058253
144,11,49,72,-2.0,-0.033228012725134363
144,11,83,108,-2.0,-0.012388926820282281
144,11,50,72,0.0,-0.018583577943205087
144,11,84,108,0.0,0.1542784937135988
144,11,51,73,0.0,-0.06238528118338456
144,11,85,107,0.0,0.14643016004585993
144,11,52,71,0.0,-0.07438618746714679
144,11,86,104,0.0,-0.2455775053432702
144,11,53,72,0.0,0.08757980224511776
144,11,87,103,0.0,0.015634333707986947
144,11,54,69,0.0,0.0013150165714812534
144,11,88,101,0.0,-0.043427300455789936
144,11,55,68,0.0,0.02684958192320041
144,11,89,100,0.0,-0.022122676996896018
144,11,56,73,0.0,0.03439541837167544
144,11,90,97,0.0,0.10175831012266012
144,11,57,73,0.0,0.026242733539700067
144,11,91,92,0.0,0.13291587122048715
144,11,58,76,0.0,0.07164295480181004
144,11,92,91,0.0,-0.029527977117008358
144,11,59,76,0.0,0.019280355705280985
144,11,93,88,0.0,-0.02831934138203479
144,11,60,80,0.0,-0.0768175781287101
144,11,94,84,0.0,0.004694990545654275
144,11,61,82,0.0,0.03692556131338187
144,11,95,81,0.0,0.002379404929383558
144,12,4,75,0.0,0.002618200019989317
144,12,42,76,0.0,0.0032174012485346216
144,12,5,78,0.0,0.025900218857101573
144,12,43,76,0.0,-0.02479767043921642
144,12,6,78,-2.0,-0.02307621799485586
144,12,44,74,-2.0,0.022961795123845163
144,12,7,84,0.0,0.0020687497093917935
144,12,45,75,0.0,-0.01423739201607738
144,12,8,85,0.0,0.03553298369918237
144,12,46,74,0.0,0.023021594484730568
144,12,9,87,0.0,-0.02864171985023113
144,12,47,74,0.0,-0.015877467428113155
144,12,10,89,0.0,0.05909621263726324
144,12,48,69,0.0,-0.08499010272442428
144,12,11,89,0.0,-0.03256287556495496
144,12,49,72,0.0,0.10027563037362958
144,12,12,89,0.0,-0.032879911681405236
144,12,50,72,0.0,-0.016691257394606696
144,12,13,91,0.0,-0.08202201406554263
144,12,51,73,0.0,-0.042048414077175966
144,12,14,95,0.0,0.048608425540606334
144,12,52,71,0.0,-0.0406307806074671
144,12,15,97,0.0,0.08894661872831175
144,12,53,72,0.0,0.02445537211251665
144,12,16,99,0.0,-0.04584781108228338
144,12,54,69,0.0,-0.016431887903908232
144,12,17,101,0.0,0.04707404228912784
144,12,55,68,0.0,-0.027815030156265384
144,12,18,105,0.0,0.05928508320220552
144,12,56,73,0.0,-0.02159882091423464
144,12,19,106,0.0,-0.051741890405394536
144,12,57,73,0.0,-0.016651208793786253
144,12,20,109,0.0,0.04181692138660639
144,12,58,76,0.0,0.013479711160842733
144,12,21,111,0.0,0.023635902749958956
144,12,59,76,0.0,-0.0381163623845915
144,12,22,109,0.0,0.008286629404451247
144,12,60,80,0.0,0.03806697064600527
144,12,23,110,0.0,-0.029960350995244016
144,12,61,82,0.0,-0.04539782372702662
144,12,24,105,0.0,-0.0011446499522008852
144,12,62,85,0.0,0.07603946370476863
144,12,25,107,0.0,-0.010438274642914053
144,12,63,87,0.0,-0.027337444464363522
144,12,26,106,0.0,-0.015220234113203288
144,12,64,88,0.0,0.05281407539838377
144,12,27,106,0.0,-0.033812048985388414
144,12,65,90,0.0,0.022380751629532653
144,12,28,100,0.0,-0.0395270390321165
144,12,66,98,0.0,0.03270444057387126
144,12,29,104,0.0,-0.04740958344505585
144,12,67,98,0.0,-0.060547659313897786
144,12,30,97,0.0,0.040040853816058763
144,12,68,104,0.0,-0.13238241122570263
144,12,31,96,0.0,-1.650663413876874e-05
144,12,69,107,0.0,0.0702976821161081
144,12,32,89,0.0,0.07608846495574469
144,12,70,107,0.0,-0.04639375547447471
144,12,33,89,0.0,0.009333654374255387
144,12,71,107,0.0,-0.023706874350685858
144,12,34,85,0.0,-0.05982181871959793
144,12,72,115,0.0,-0.11486610194748637
144,12,35,87,0.0,-0.02940034552010455
144,12,73,116,0.0,0.1157995547339494
144,12,36,85,0.0,0.015756485358656445
144,12,74,115,0.0,-0.09442244582107673
144,12,37,83,0.0,-0.04716606212650082
144,12,75,115,0.0,-0.040473032216696125
144,12,38,82,0.0,-0.07603961828727113
144,12,76,117,0.0,0.11730090050576511
144,12,39,78,0.0,0.03674661852128144
144,12,77,117,0.0,0.09478182510342469
144,12,40,74,0.0,-0.05558245151846017
144,12,78,117,0.0,-0.0014211885697854587
144,13,15,97,0.0,-0.04530136904284641
144,13,65,90,0.0,0.06480091616254807
144,13,16,99,0.0,0.07470691544352576
144,13,66,98,0.0,0.0975361070198472
144,13,17,101,0.0,-0.017695969170257314
144,13,67,98,0.0,0.036999133555155314
144,13,18,105,0.0,0.1008315590163614
144,13,68,104,0.0,-0.03012231856871187
144,13,19,106,0.0,0.04648651830206407
144,13,69,107,0.0,-0.08399198035025542
144,13,20,109,0.0,-0.03169159535796223
144,13,70,107,0.0,-0.02399545368639608
144,13,21,111,0.0,-0.00773783761913302
144,13,71,107,0.0,0.009052168136087547
144,13,22,109,0.0,-0.05661231389286134
144,13,72,115,0.0,0.07712695361754776
144,13,23,110,0.0,-0.008808066220987527
144,13,73,116,0.0,0.00810330985565251
144,13,24,105,0.0,-0.004361606975877626
144,13,74,115,0.0,0.04067987550169985
144,13,25,107,0.0,0.016448048080680962
144,13,75,115,0.0,0.06631752385042405
144,13,26,106,0.0,-0.029144458460559762
144,13,76,117,0.0,-0.018203004058517228
144,13,27,106,0.0,-0.0267506312680657
144,13,77,117,0.0,-0.025330946331798485
144,13,28,100,0.0,0.013339098151398056
144,13,78,117,0.0,0.14352155438117625
144,13,29,104,0.0,-0.02474392679915592
144,13,79,115,0.0,-0.05514378464711657
144,13,30,97,0.0,-0.006947938258220845
144,13,80,111,0.0,0.020890931917263766
144,13,31,96,0.0,-0.06498711294962417
144,13,81,111,0.0,0.035453408580113796
144,13,32,89,0.0,-0.0802674447577782
144,13,82,110,0.0,-0.09480115219289878
144,13,33,89,0.0,0.021223671240053175
144,13,83,108,0.0,-0.0765353200955029
144,13,34,85,0.0,0.05933729084179133
144,13,84,108,0.0,-0.07616312054776192
144,13,35,87,0.0,-0.03407960684023324
144,13,85,107,0.0,0.0495199131030315
144,13,36,85,0.0,-0.05480976944924885
144,13,86,104,0.0,0.11967047600005834
144,13,37,83,0.0,-0.003236134910780293
144,13,87,103,0.0,0.0584934978260408
144,13,38,82,0.0,0.05866298734867446
144,13,88,101,0.0,-0.12652971219023956
144,13,39,78,0.0,-0.028092711837192072
144,13,89,100,0.0,-0.07119392804536402
144,13,40,74,-2.0,0.11702279112964582
144,13,90,97,-2.0,0.1562933249507194
144,13,41,77,0.0,-0.030180064398534684
144,13,91,92,0.0,-0.04609568421425522
144,13,42,76,0.0,-0.027455862976149197
144,13,92,91,0.0,0.03653090541269893
144,13,43,76,0.0,0.0446104810648021
144,13,93,88,0.0,0.0036791713591287772
144,13,44,74,0.0,-0.01937920875588442
144,13,94,84,0.0,-0.005287121052403518
144,13,45,75,0.0,-0.051685812201076285
144,13,95,81,0.0,-0.08719911109525838
144,14,57,73,2.0,0.0647499676907934
144,14,81,111,2.0,-0.06317337503063941
144,14,58,76,0.0,0.025497985822383457
144,14,82,110,0.0,-0.01977427230692702
144,14,59,76,0.0,-0.028951310090195553
144,14,83,108,0.0,-0.10035603016942293
144,14,60,80,0.0,-0.021461944609769634
144,14,84,108,0.0,0.08346068322609373
144,14,61,82,0.0,-0.0908101350192359
144,14,85,107,0.0,-0.1337658896400662
144,14,62,85,0.0,-0.04247826376925462
144,14,86,104,0.0,-0.10502702306900352
144,14,63,87,-2.0,0.01980761028275635
144,14,87,103,-2.0,0.023795925304144316
144,14,64,88,0.0,-0.12985537203904024
144,14,88,101,0.0,-0.07411593871184988
144,14,65,90,0.0,-0.07189386900271058
144,14,89,100,0.0,-0.10767376672419998
144,14,66,98,0.0,-0.0532920673237769
144,14,90,97,0.0,0.07376102698215597
144,14,67,98,0.0,-0.019580191579887607
144,14,91,92,0.0,-0.02881932322768581
144,14,68,104,0.0,-0.02532361224897616
144,14,92,91,0.0,-0.008036469917846956
144,14,69,107,0.0,-0.0003038943972030817
144,14,93,88,0.0,0.03460959320574049
144,14,70,107,0.0,-0.031028624008691774
144,14,94,84,0.0,0.062144075183922225
144,14,71,107,0.0,-0.04358749983624159
144,14,95,81,0.0,-0.06651080607173347
72,0,17,35,0.0,-0.0410372704743164
72,0,29,31,0.0,0.0
72,0,18,37,2.0,-0.0015135965483942138
72,0,30,34,2.0,-0.014976221770937001
72,0,19,35,0.0,-0.0009882270263630066
72,0,31,34,0.0,-0.02942325027911016
72,0,20,33,0.0,0.0
72,0,32,37,0.0,-0.034089596726248575
72,0,21,34,0.0,-0.022403179464691638
72,0,33,39,0.0,-0.008184042162903207
72,0,22,33,0.0,-0.06638082231238493
72,0,34,52,0.0,0.06681803939944168
72,0,23,29,0.0,-0.33628789796035036
72,0,35,52,0.0,-0.18046319223125326
72,0,24,29,0.0,-0.010732860141204852
72,0,36,58,0.0,-0.1557174771764073
72,0,25,30,0.0,-0.0034396808006732574
72,0,37,58,0.0,-0.02163065989556953
72,0,26,32,0.0,0.015531325130428555
72,0,38,59,0.0,-0.06505221458482222
72,0,27,31,0.0,0.0
72,0,39,59,0.0,-0.0981780030776321
72,1,2,42,0.0,-0.11115412177972128
72,1,16,36,0.0,-0.05929491148525341
72,1,3,44,0.0,-0.04610516237791535
72,1,17,35,0.0,-0.02
72,1,4,48,2.0,-0.034195500998013495
72,1,18,37,2.0,0.0
72,1,5,49,0.0,-0.12626581689058625
72,1,19,35,0.0,0.0
72,1,6,52,2.0,0.0056435737575097275
72,1,20,33,2.0,-0.0075875186947919025
72,1,7,51,0.0,-0.011320062777769733
72,1,21,34,0.0,-0.04572869602686732
72,1,8,51,0.0,-0.23479351255519676
72,1,22,33,0.0,-0.07346584117242336
72,1,9,53,0.0,-0.10478110609302158
72,1,23,29,0.0,-0.022601008434984582
72,1,10,52,0.0,0.18418409728826418
72,1,24,29,0.0,-0.0032187788705731455
72,1,11,53,0.0,0.008750150697433123
72,1,25,30,0.0,0.0
72,1,12,53,0.0,0.13464176322793928
72,1,26,32,0.0,0.022073122975287296
72,1,13,54,0.0,0.04207070231103052
72,1,27,31,0.0,0.009874963050690688
72,1,14,45,0.0,0.013467708621894836
72,1,28,31,0.0,0.017990050566790827
72,2,6,52,0.0,0.01473687519733445
72,2,24,29,0.0,0.0236174554033027
72,2,7,51,0.0,0.016691972275689988
72,2,25,30,0.0,-0.006016891457698126
72,2,8,51,0.0,-0.006223871978361328
72,2,26,32,0.0,-0.013613844611253565
72,2,9,53,0.0,-0.13914719674691667
72,2,27,31,0.0,0.009205442637589501
72,2,10,52,0.0,-0.0013218863316926677
72,2,28,31,0.0,0.0
72,2,11,53,0.0,-0.06137517007776744
72,2,29,31,0.0,-0.010384908214393225
72,2,12,53,0.0,0.0032118695351218696
72,2,30,34,0.0,-0.018438873637811094
72,2,13,54,0.0,-0.24818232189047207
72,2,31,34,0.0,-0.0810039338942603
72,2,14,45,0.0,0.04830710456633745
72,2,32,37,0.0,0.041537064218639744
72,2,15,42,0.0,-0.03804843995970836
72,2,33,39,0.0,0.021880944151128182
72,2,16,36,0.0,-0.038247211630133074
72,2,34,52,0.0,-0.05476501416732901
72,2,17,35,0.0,-0.03184640401825363
72,2,35,52,0.0,0.10975243217486533
72,2,18,37,0.0,-0.005068155486996142
72,2,36,58,0.0,-0.005081369755394943
72,2,19,35,0.0,0.0
72,2,37,58,0.0,-0.11459112091327119
72,2,20,33,0.0,0.013792617144083898
72,2,38,59,0.0,-0.007500259179974322
72,2,21,34,2.0,-0.011707731090268056
72,2,39,59,2.0,0.13302326617753682
72,2,22,33,0.0,-0.03645088233925156
72,2,40,57,0.0,-0.05604005856639707
72,3,0,39,0.0,0.010102268815826305
72,3,34,52,0.0,0.050296379978340605
72,3,1,40,0.0,-0.07629205205442041
72,3,35,52,0.0,-0.09070029406373895
72,3,2,42,0.0,-0.0049774247449181075
72,3,36,58,0.0,0.2319168868450322
72,3,3,44,0.0,-0.05329346682833262
72,3,37,58,0.0,0.08155873405829747
72,3,4,48,0.0,0.03371063083745174
72,3,38,59,0.0,-0.015770284853464295
72,3,5,49,0.0,-0.01560264748444845
72,3,39,59,0.0,-0.03057020450912093
72,3,6,52,0.0,0.027569245666394293
72,3,40,57,0.0,0.017018895635842773
72,3,7,51,0.0,-0.0019810890160544756
72,3,41,54,0.0,0.020892407274839958
72,3,8,51,0.0,0.013257639208810998
72,3,42,52,0.0,-0.28955736516162295
72,3,9,53,2.0,0.04930989985838535
72,3,43,47,2.0,-0.04673752108446705
72,3,10,52,0.0,0.013898146510095355
72,3,44,44,0.0,-0.1763666610708832
72,3,11,53,0.0,0.004889265914474306
72,3,45,43,0.0,-0.031061713254426693
72,3,12,53,0.0,0.016802579852487842
72,3,46,42,0.0,-0.032822613263411696
72,3,13,54,0.0,-0.07631090596909623
72,3,47,41,0.0,-0.005319572630003055
72,4,0,39,0.0,0.037283474997551865
72,4,32,37,0.0,-0.03
72,4,1,40,0.0,0.001854821305371207
72,4,33,39,0.0,0.05842322573873754
72,4,2,42,0.0,0.06102766434778059
72,4,34,52,0.0,0.02615502710451248
72,4,3,44,0.0,-0.08472702421403443
72,4,35,52,0.0,-0.1088909364738142
72,4,4,48,0.0,0.12754130772520783
72,4,36,58,0.0,0.0782990007826965
72,4,5,49,0.0,-0.045754895772596726
72,4,37,58,0.0,-0.09262595210421637
72,4,6,52,0.0,0.02
72,4,38,59,0.0,0.15973755637074552
72,4,7,51,-2.0,0.02791248112269773
72,4,39,59,-2.0,-0.16885733754702323
72,4,8,51,0.0,0.0779440058543541
72,4,40,57,0.0,-0.394524334701832
72,4,9,53,0.0,-0.09627241160866612
72,4,41,54,0.0,-0.1738808552801507
72,4,10,52,0.0,0.06287708736805972
72,4,42,52,0.0,-0.05808873049757052
72,4,11,53,0.0,-0.09256432091164918
72,4,43,47,0.0,0.09823923673865215
72,4,12,53,0.0,-0.10041104266686932
72,4,44,44,0.0,-0.04673491059657775
72,4,13,54,0.0,0.0634068620439768
72,4,45,43,0.0,0.008174464068417375
72,4,14,45,0.0,0.012553607085906068
72,4,46,42,0.0,0.028740499277550846
72,4,15,42,0.0,-0.011915797342601453
72,4,47,41,0.0,-0.002349939431203656
72,5,0,39,2.0,0.06
72,5,32,37,2.0,-0.010345908709989627
72,5,1,40,0.0,-0.06000000000000001
72,5,33,39,0.0,-0.02
72,5,2,42,0.0,-0.0074354553823215985
72,5,34,52,0.0,-0.042570387134819476
72,5,3,44,0.0,0.010821099555005598
72,5,35,52,0.0,-0.0305207681219129
72,5,4,48,0.0,-0.0649488020949529
72,5,36,58,0.0,-0.031479501312477814
72,5,5,49,0.0,-0.029267769687375406
72,5,37,58,0.0,-0.022462454098523252
72,5,6,52,0.0,-0.12048075848949928
72,5,38,59,0.0,-0.06143739455827113
72,5,7,51,0.0,-0.009999999999999998
72,5,39,59,0.0,0.11086455444388166
72,5,8,51,0.0,-0.21643384157197776
72,5,40,57,0.0,-0.009875550062763527
72,5,9,53,0.0,-0.10373348540275056
72,5,41,54,0.0,0.07948509660572409
72,5,10,52,0.0,-0.033584493913236674
72,5,42,52,0.0,-0.04568209792696232
72,5,11,53,0.0,-0.20950969275263198
72,5,43,47,0.0,-0.15590621103075541
72,5,12,53,0.0,-0.13817210393961016
72,5,44,44,0.0,-0.08348642176029364
72,5,13,54,0.0,-0.06940806673908673
72,5,45,43,0.0,0.03960732802832487
72,5,14,45,0.0,0.01999999999999999
72,5,46,42,0.0,-0.04156319194101141
72,5,15,42,0.0,0.09999999999999999
72,5,47,41,0.0,0.0
72,6,0,39,0.0,0.06647734923743467
72,6,30,34,0.0,0.037454763395118586
72,6,1,40,0.0,0.06899279247010226
72,6,31,34,0.0,-0.038748051920629176
72,6,2,42,0.0,0.1085146674897316
72,6,32,37,0.0,-0.04
72,6,3,44,0.0,0.014938615236372924
72,6,33,39,0.0,0.08
72,6,4,48,0.0,-0.028734583742069164
72,6,34,52,0.0,-0.05966301578630967
72,6,5,49,0.0,0.04703720386591428
72,6,35,52,0.0,0.07663387513669417
72,6,6,52,0.0,-0.015099216506066044
72,6,36,58,0.0,0.02549369604062529
72,6,7,51,0.0,0.010508336790366946
72,6,37,58,0.0,0.12251718385367424
72,6,8,51,0.0,-0.055390704417844286
72,6,38,59,0.0,0.10850747069706236
72,6,9,53,0.0,0.02165896394854755
72,6,39,59,0.0,0.004359180183604788
72,6,10,52,0.0,-0.09567271247314382
72,6,40,57,0.0,-0.11436869465032651
72,6,11,53,0.0,-0.16744846972252742
72,6,41,54,0.0,-0.13200149393115065
72,6,12,53,0.0,0.10000495875793636
72,6,42,52,0.0,-0.016747279562738582
72,6,13,54,0.0,-0.08157382038903982
72,6,43,47,0.0,0.12643386789095673
72,6,14,45,0.0,0.05738450749640342
72,6,44,44,0.0,-0.2655176553044012
72,6,15,42,-2.0,-0.09726254119666997
72,6,45,43,-2.0,-0.010464136278364233
72,6,16,36,0.0,-0.06027776952730359
72,6,46,42,0.0,-0.06951956569774673
72,6,17,35,0.0,0.006521832136899119
72,6,47,41,0.0,0.011082561662530275
72,8,0,39,0.0,-0.04446285856959769
72,8,36,58,0.0,0.15942713339978345
72,8,1,40,0.0,-0.07567818582074941
72,8,37,58,0.0,0.04426767173607471
72,8,2,42,0.0,0.12715367328989324
72,8,38,59,0.0,-0.020369199731841092
72,8,3,44,0.0,-0.057850031954979536
72,8,39,59,0.0,-0.02180335947311715
72,8,4,48,0.0,-0.011144891647166033
72,8,40,57,0.0,-0.09030196485133637
72,8,5,49,0.0,0.01373923432575018
72,8,41,54,0.0,-0.03867788086266373
72,8,6,52,0.0,-0.057602400181041145
72,8,42,52,0.0,-0.1285099241770764
72,8,7,51,0.0,0.0
72,8,43,47,0.0,-0.021965822666450585
72,8,8,51,0.0,0.03154686469018342
72,8,44,44,0.0,-0.1008842379103353
72,8,9,53,0.0,-0.14512982483348108
72,8,45,43,0.0,-0.08054764350637193
72,8,10,52,-2.0,-0.008432514472724861
72,8,46,42,-2.0,-0.05133145400852806
72,8,11,53,0.0,0.03271780142554581
72,8,47,41,0.0,-0.04641273204665369
72,9,13,54,0.0,0.030265785999408656
72,9,35,52,0.0,0.15933001692356663
72,9,14,45,0.0,-0.028391607763168458
72,9,36,58,0.0,0.0209092668263329
72,9,15,42,0.0,-0.15414721653105332
72,9,37,58,0.0,0.05585572144141837
72,9,16,36,0.0,-0.03731687235847287
72,9,38,59,0.0,-0.04682165154644902
72,9,17,35,0.0,0.004031174261381718
72,9,39,59,0.0,0.005608550706895005
72,9,18,37,0.0,-0.021946175235168165
72,9,40,57,0.0,-0.11266786134919782
72,9,19,35,0.0,0.0
72,9,41,54,0.0,0.010036673996145218
72,9,20,33,0.0,-0.005477838185275523
72,9,42,52,0.0,0.07359457468589847
72,9,21,34,0.0,0.0031796127478962086
72,9,43,47,0.0,-0.20795251725995334
72,9,22,33,0.0,-0.2953597871764156
72,9,44,44,0.0,-0.2518547488383365
72,9,23,29,0.0,0.00029943738251551194
72,9,45,43,0.0,-0.011660368258440412
72,9,24,29,0.0,-0.027399429422647305
72,9,46,42,0.0,-0.005060915732868042
72,9,25,30,0.0,-0.05891238876227666
72,9,47,41,0.0,0.03609097904086474
72,10,6,52,2.0,-0.031900862334783925
72,10,18,37,2.0,0.0
72,10,7,51,2.0,0.058243834320179474
72,10,19,35,2.0,-0.004857131032794779
72,10,8,51,0.0,-0.09566610574836411
72,10,20,33,0.0,0.019971740697363845
72,10,9,53,0.0,-0.13853416064296037
72,10,21,34,0.0,0.009415989885215387
72,10,10,52,0.0,0.10922499779543876
72,10,22,33,0.0,0.13342087697183008
72,10,11,53,0.0,-0.1629142256068275
72,10,23,29,0.0,-0.05431997364001172
72,10,12,53,0.0,-0.002158231020252893
72,10,24,29,0.0,-0.011391691459628504
72,10,13,54,0.0,-0.06053209719661223
72,10,25,30,0.0,-0.006651192217208259
72,10,14,45,0.0,-0.09217129838123875
72,10,26,32,0.0,-0.057770842212341945
72,10,15,42,0.0,-0.05645004138903078
72,10,27,31,0.0,-0.011869993515218124
72,10,16,36,0.0,-0.02234938972190133
72,10,28,31,0.0,-0.0206375553337462
72,11,0,39,0.0,0.03782235565033186
72,11,30,34,0.0,-0.04568385600509083
72,11,1,40,-2.0,0.00881155855234056
72,11,31,34,-2.0,0.040163606780372396
72,11,2,42,0.0,-0.040219363402255334
72,11,32,37,0.0,0.009165073169557832
72,11,3,44,0.0,0.018737704803101413
72,11,33,39,0.0,-0.008073527580992694
72,11,4,48,0.0,-0.13246217565273
72,11,34,52,0.0,-0.09669963796857567
72,11,5,49,0.0,-0.03761065610418354
72,11,35,52,0.0,-0.020522034603821737
72,11,6,52,0.0,-0.02423724555135423
72,11,36,58,0.0,-0.044756580420522815
72,11,7,51,0.0,-0.039999999999999994
72,11,37,58,0.0,-0.12662983389594856
72,11,8,51,0.0,0.09957124551119947
72,11,38,59,0.0,0.10398086506688545
72,11,9,53,0.0,0.0006174948433148586
72,11,39,59,0.0,0.030870598174785352
72,11,10,52,0.0,0.008191749605128418
72,11,40,57,0.0,0.019129408112551344
72,11,11,53,0.0,-0.22388334773206886
72,11,41,54,0.0,-0.05586725726573763
72,11,12,53,0.0,0.08727717347192634
72,11,42,52,0.0,-0.019620848257936113
72,11,13,54,0.0,-0.15657550604621517
72,11,43,47,0.0,0.09605848540105244
72,11,14,45,0.0,0.057443059754419504
72,11,44,44,0.0,0.11744848982315936
72,11,15,42,0.0,-0.05001699218159422
72,11,45,43,0.0,-0.030328989669951262
72,11,16,36,0.0,-0.10077883741531697
72,11,46,42,0.0,-0.021424378294275535
72,11,17,35,0.0,-0.024364937067624194
72,11,47,41,0.0,-0.015551193536134336
72,12,0,39,0.0,0.0076204693256475805
72,12,36,58,0.0,-0.025548911359774523
72,12,1,40,0.0,0.030253119947300733
72,12,37,58,0.0,0.05236276967133116
72,12,2,42,0.0,0.05204895437934702
72,12,38,59,0.0,-0.16611671684704377
72,12,3,44,0.0,-0.16747384002565274
72,12,39,59,0.0,-0.16355767195847581
72,12,4,48,-2.0,-0.13434768236967823
72,12,40,57,-2.0,0.001655650380659096
72,12,5,49,0.0,0.06443126948765311
72,12,41,54,0.0,0.04530823860220426
72,12,6,52,0.0,-0.0077599115823539025
72,12,42,52,0.0,-0.009291504979450194
72,12,7,51,0.0,-0.06311866638735651
72,12,43,47,0.0,-0.0670650606489927
72,12,8,51,0.0,-0.05410283590401807
72,12,44,44,0.0,-0.06390537824521969
72,12,9,53,0.0,0.027138482005967357
72,12,45,43,0.0,-0.12804319998891467
72,12,10,52,0.0,0.017569777371033907
72,12,46,42,0.0,0.061569706414829145
72,12,11,53,0.0,-0.08531628045590117
72,12,47,41,0.0,0.0007264742721322243
72,13,0,39,0.0,0.0
72,13,34,52,0.0,-0.10480091983167159
72,13,1,40,0.0,-0.19900483276888725
72,13,35,52,0.0,-0.12532904044127535
72,13,2,42,0.0,0.16184139929608365
72,13,36,58,0.0,-0.13243842593584543
72,13,3,44,0.0,0.02426873941483186
72,13,37,58,0.0,0.12750690250825625
72,13,4,48,0.0,-0.06116422752428945
72,13,38,59,0.0,-0.1352682012108974
72,13,5,49,0.0,-0.10539582654013291
72,13,39,59,0.0,-0.0004498826331052197
72,13,6,52,-2.0,-0.05155388981932341
72,13,40,57,-2.0,-0.113273431434013
72,13,7,51,0.0,-0.031059167318332016
72,13,41,54,0.0,0.07269710408308469
72,13,8,51,0.0,-0.06454964225949168
72,13,42,52,0.0,-0.001772738187928391
72,13,9,53,0.0,0.019468867888770613
72,13,43,47,0.0,-0.18201804691480272
72,13,10,52,0.0,-0.052985173723573115
72,13,44,44,0.0,0.0688046120000333
72,13,11,53,0.0,0.01070274483490491
72,13,45,43,0.0,-0.1165718397620375
72,13,12,53,2.0,0.07177039573424832
72,13,46,42,2.0,-0.04294045313324554
72,13,13,54,0.0,0.07078397221789934
72,13,47,41,0.0,-0.00844849732284046
72,14,0,39,0.0,-0.02
72,14,12,53,0.0,0.1946534763127689
72,14,1,40,0.0,0.03740937253127416
72,14,13,54,0.0,-0.09327361535346043
72,14,2,42,0.0,-0.0323778148987172
72,14,14,45,0.0,-0.00539164863345995
72,14,3,44,0.0,0.1291776781787077
72,14,15,42,0.0,-0.07012315549559908
72,14,4,48,2.0,-0.019428578595465984
72,14,16,36,2.0,-0.00816632781639573
72,14,5,49,0.0,-0.1891234945570635
72,14,17,35,0.0,-0.001847199244439917
72,14,6,52,0.0,0.019253369170914754
72,14,18,37,0.0,0.0
72,14,7,51,0.0,-0.0006875137123846329
72,14,19,35,0.0,0.0
72,14,8,51,2.0,0.06125554216840439
72,14,20,33,2.0,0.006255275778108072
72,14,9,53,0.0,-0.14130885844980873
72,14,21,34,0.0,-0.03771435152105596
72,14,10,52,0.0,0.13129343782904632
72,14,22,33,0.0,-0.15272325747661664
36,0,7,22,0.0,-0.11102416912932789
36,0,17,26,0.0,-0.02106202158736554
36,0,8,17,0.0,-0.0052138156406207024
36,0,18,31,0.0,0.06087422465650427
36,0,9,19,0.0,-0.11761787663685536
36,0,19,30,0.0,-0.2243644849865869
36,0,10,13,0.0,0.0
36,0,20,31,0.0,-0.08755195238486468
36,0,11,13,0.0,0.0
36,0,21,31,0.0,-0.48347553183685055
36,0,12,13,0.0,0.02492766596460646
36,0,22,30,0.0,-0.5570115299710356
36,0,13,15,0.0,0.03828297183524603
36,0,23,27,0.0,-0.331362754151014
36,1,0,16,0.0,0.0
36,1,12,13,0.0,0.0
36,1,1,19,2.0,-0.08751607074019233
36,1,13,15,2.0,-0.008471526967813827
36,1,2,20,0.0,0.0
36,1,14,15,0.0,0.0
36,1,3,21,0.0,0.0
36,1,15,16,0.0,0.0
36,1,4,24,0.0,0.02
36,1,16,24,0.0,0.0
36,1,5,27,2.0,-0.004219849003674905
36,1,17,26,2.0,-0.055176067935577305
36,1,6,22,0.0,0.012192280385049922
36,1,18,31,0.0,0.1207917398834939
36,3,0,16,2.0,-0.030545208057497428
36,3,12,13,2.0,-0.03
36,3,1,19,0.0,-0.03354792037476773
36,3,13,15,0.0,0.009486426718070838
36,3,2,20,0.0,-0.015708151954910703
36,3,14,15,0.0,0.0
36,3,3,21,0.0,0.02
36,3,15,16,0.0,0.028740067263850592
36,3,4,24,2.0,0.058011221441094614
36,3,16,24,2.0,0.0
36,3,5,27,0.0,0.08601298251053534
36,3,17,26,0.0,-0.11259156762612553
36,4,0,16,0.0,0.0
36,4,14,15,0.0,0.0
36,4,1,19,-2.0,0.0030709294080534036
36,4,15,16,-2.0,0.0
36,4,2,20,0.0,0.02
36,4,16,24,0.0,0.0
36,4,3,21,0.0,0.0
36,4,17,26,0.0,0.0
36,4,4,24,0.0,0.0
36,4,18,31,0.0,-0.09000000000000008
36,4,5,27,0.0,0.008372566048010857
36,4,19,30,0.0,-0.24709852297052115
36,4,6,22,0.0,0.04000000000000001
36,4,20,31,0.0,-0.07492881170133359
36,4,7,22,0.0,-0.020000000000000018
36,4,21,31,0.0,0.23931106839409821
36,4,8,17,0.0,-0.04
36,4,22,30,0.0,0.054346658773928636
36,4,9,19,0.0,0.02
36,4,23,27,0.0,-0.17925825578252813
36,5,7,22,0.0,-0.023202716219212938
36,5,17,26,0.0,-0.03
36,5,8,17,0.0,0.02
36,5,18,31,0.0,-0.7347422030593453
36,5,9,19,2.0,-0.030000000000000002
36,5,19,30,2.0,-0.902292571518605
36,5,10,13,0.0,0.0
36,5,20,31,0.0,0.05088134306717862
36,5,11,13,0.0,0.0
36,5,21,31,0.0,-0.7689843447030466
36,5,12,13,0.0,0.019999999999999997
36,5,22,30,0.0,-0.7364951322145316
36,5,13,15,0.0,0.0
36,5,23,27,0.0,-0.5548741714843557
36,6,4,24,0.0,-0.014764931520384045
36,6,16,24,0.0,-0.014315008243120896
36,6,5,27,-2.0,-0.014400035422547725
36,6,17,26,-2.0,-0.04
36,6,6,22,-2.0,0.017746231333515147
36,6,18,31,-2.0,-0.38358721792415973
36,6,7,22,0.0,-0.03386199268515977
36,6,19,30,0.0,-0.9366855997477734
36,6,8,17,0.0,-0.12000000000000001
36,6,20,31,0.0,-0.29367859588742684
36,6,9,19,0.0,-0.07015089237685894
36,6,21,31,0.0,-0.15316275945673652
36,6,10,13,0.0,0.0
36,6,22,30,0.0,-0.05628228469114449
36,6,11,13,0.0,0.0
36,6,23,27,0.0,-0.3943330106625592
36,9,1,19,-2.0,-0.15408222976666694
36,9,15,16,-2.0,0.020693402629496864
36,9,2,20,0.0,0.042587505685950336
36,9,16,24,0.0,0.027114311512421527
36,9,3,21,0.0,0.0
36,9,17,26,0.0,-0.14784983679290156
36,9,4,24,0.0,0.0600809508405675
36,9,18,31,0.0,-0.10281693000470737
36,9,5,27,0.0,-0.06
36,9,19,30,0.0,-0.21953019595425904
36,9,6,22,0.0,0.21779938727147038
36,9,20,31,0.0,-0.1612840118396328
36,9,7,22,0.0,0.06566450295982501
36,9,21,31,0.0,-0.17333470266509698
36,9,8,17,0.0,-0.002093155299329212
36,9,22,30,0.0,-0.2098036283939213
36,9,9,19,0.0,0.05410462247757173
36,9,23,27,0.0,-0.23376899623237002
36,11,0,16,0.0,-0.02229006542468653
36,11,16,24,0.0,-0.004860001029505483
36,11,1,19,0.0,-0.02
36,11,17,26,0.0,-0.15977531866721556
36,11,2,20,0.0,0.0
36,11,18,31,0.0,-0.24600112783697126
36,11,3,21,0.0,0.0
36,11,19,30,0.0,-0.420309308067909
36,11,4,24,-2.0,0.02
36,11,20,31,-2.0,-0.4820427766310884
36,11,5,27,0.0,-0.056906894546502156
36,11,21,31,0.0,-0.11707606368588741
36,11,6,22,0.0,0.21041986145233846
36,11,22,30,0.0,-0.11888970061645165
36,11,7,22,0.0,-0.17105169363226358
36,11,23,27,0.0,-0.5121874925442138
36,12,0,16,0.0,0.0
36,12,14,15,0.0,0.0
36,12,1,19,0.0,-0.08
36,12,15,16,0.0,0.0
36,12,2,20,0.0,-0.040694470252698504
36,12,16,24,0.0,-0.03928526243081664
36,12,3,21,2.0,0.019999999999999997
36,12,17,26,2.0,0.0
36,12,4,24,0.0,0.0
36,12,18,31,0.0,-0.44710677460456527
36,12,5,27,0.0,0.02
36,12,19,30,0.0,0.09905134900732615
36,12,6,22,0.0,-0.20354228088709408
36,12,20,31,0.0,-0.4901382540668229
36,12,7,22,0.0,-0.32880254662314845
36,12,21,31,0.0,-0.47983473425189493
36,13,4,24,-2.0,0.0
36,13,16,24,-2.0,0.0
36,13,5,27,-2.0,-0.02
36,13,17,26,-2.0,-0.1061486033701275
36,13,6,22,0.0,-0.0458592443204099
36,13,18,31,0.0,0.07554472934647205
36,13,7,22,0.0,0.17591936261352792
36,13,19,30,0.0,-0.28494654455374535
36,13,8,17,0.0,0.0
36,13,20,31,0.0,-0.11182866113205492
36,13,9,19,0.0,-0.10689646155535697
36,13,21,31,0.0,-0.4686427828341465
36,13,10,13,0.0,0.0
36,13,22,30,0.0,-0.3143735027436448
36,13,11,13,0.0,0.0
36,13,23,27,0.0,-0.1755187343485022
36,14,8,17,0.0,-0.008041616902213312
36,14,16,24,0.0,0.0
36,14,9,19,2.0,0.04
36,14,17,26,2.0,-0.10114941150001826
36,14,10,13,0.0,0.0
36,14,18,31,0.0,-0.627073060621095
36,14,11,13,0.0,-0.02
36,14,19,30,0.0,-0.7958386481769797
36,14,12,13,0.0,0.0
36,14,20,31,0.0,-1.3464039032896356
36,14,13,15,0.0,0.0
36,14,21,31,0.0,-0.7948957181853598
36,14,14,15,0.0,0.0
36,14,22,30,0.0,-0.7942653119488968
